name,start_time
Astroblk - Nothing Really matters that much to me anymore,00:00​
Aviscerall - Sanctuary,02:23​
Cøzybøy - Please Don't Drown,04:42​
Astroblk - explorer,08:23​
Knwln Ryan - Can't Replace You,10:38​
NetNavi - How Can You Tell,12:10​
Astroblk - Vancouver,13:55​
Aviscerall - Lullabyes,16:14​
Cøzybøy - Deep In Snow,18:41​
Astroblk - Courage,20:45​
Aviscerall - Coffee Shop,23:07​
Cøzybøy - I'll Do Anything,25:31​
Astroblk - Pay Up,26:33​
Aviscerall - Chillin',29:00​
Cøzybøy - I Feel Okay Today,31:12​
Astroblk - fleids,33:00​
Aviscerall - Progress,35:02​
Cøzybøy - What Do You know About Love,37:41​
Astroblk - Geneva,40:37​
Knwln Ryan - Jupiter,43:02​
Astroblk - Ginger Spice,44:45​
Aviscerall - Clockin' Out,46:33​
Knwln Ryan - Waterfalls,48:06​
Aviscerall - Feelings,50:02​
Astroblk - Soul in Seoul,51:41​
NetNavi - To A Song,53:54​
Astroblk - Sunrise,55:46​
Aviscerall - Onett,58:17​